method,inference_nstep,evaluation_nstep,start,euler20_loglik,euler20_se,eval_particles,eval_replicates,evaluation_seed,evaluation_status
Corenflos DPF,20,20,0,-5894.673604621504,0.11630592093653029,5000,36,70636411,ok
Corenflos DPF,20,20,1,-5801.221097373149,0.31046893787039453,5000,36,70637408,ok
Corenflos DPF,20,20,2,-4592.094497839735,0.12849167055627456,5000,36,70638405,ok
Corenflos DPF,20,20,3,-4812.410021268898,0.3996603751631048,5000,36,70639402,ok
Corenflos DPF,20,20,4,-4487.487674217888,0.0960671316124285,5000,36,70640399,ok
Corenflos DPF,20,20,5,-5882.8000456329355,0.083424612933451,5000,36,70641396,ok
Corenflos DPF,20,20,6,-4179.730719301903,0.12182349913957392,5000,36,70642393,ok
Corenflos DPF,20,20,7,-4665.837794983585,0.7350208226718269,5000,36,70643390,ok
Corenflos DPF,20,20,8,-4609.183731896586,0.7287294478130418,5000,36,70644387,ok
Corenflos DPF,20,20,9,-4010.992738648535,0.08543713144585985,5000,36,70645384,ok
Corenflos DPF,20,20,10,-4297.645831662101,0.7879669027561024,5000,36,70646381,ok
Corenflos DPF,20,20,11,-5942.149697743342,0.05259386057682636,5000,36,70647378,ok
Corenflos DPF,20,20,12,-6261.3442445391,0.10717687717967833,5000,36,70648375,ok
Corenflos DPF,20,20,13,-4128.881044085005,0.14771542703721563,5000,36,70649372,ok
Corenflos DPF,20,20,14,-7684.352843491178,114.79808923846512,5000,36,70650369,ok
Corenflos DPF,20,20,15,-4457.930371280868,0.4972505516573998,5000,36,70651366,ok
Corenflos DPF,20,20,16,-4365.301242128803,0.5126689291842452,5000,36,70652363,ok
Corenflos DPF,20,20,17,-5871.323520574785,0.19621675935318592,5000,36,70653360,ok
Corenflos DPF,20,20,18,-4372.175074233409,0.1581593458579556,5000,36,70654357,ok
Corenflos DPF,20,20,19,-5970.224837248037,0.15938717603905397,5000,36,70655354,ok
Corenflos DPF,20,20,20,-4919.848786710794,0.1536657545778566,5000,36,70656351,ok
Corenflos DPF,20,20,21,-4660.064834408239,3.098628398944151,5000,36,70657348,ok
Corenflos DPF,20,20,22,-4279.754476682082,0.10717497802520062,5000,36,70658345,ok
Corenflos DPF,20,20,23,-24636.06061585145,0.03768911392538558,5000,36,70659342,ok
Corenflos DPF,20,20,24,-4209.654987447969,4.492588822021452,5000,36,70660339,ok
Corenflos DPF,20,20,25,-4722.213261166478,0.8111314017317375,5000,36,70661336,ok
Corenflos DPF,20,20,26,-5414.175304116576,0.6935518064428513,5000,36,70662333,ok
Corenflos DPF,20,20,27,-4199.003035359504,0.16452251076011914,5000,36,70663330,ok
Corenflos DPF,20,20,28,-3913.880389885393,0.1353528635338235,5000,36,70664327,ok
Corenflos DPF,20,20,29,-4965.201026715019,62.794863013623264,5000,36,70665324,ok
Corenflos DPF,20,20,30,-7653.4082377859995,108.19268376510031,5000,36,70666321,ok
Corenflos DPF,20,20,31,-3846.7269534077122,0.10845072210203648,5000,36,70667318,ok
Corenflos DPF,20,20,32,-4022.2688053632924,0.10566039516869355,5000,36,70668315,ok
Corenflos DPF,20,20,33,-5406.21458712376,0.3281691295530647,5000,36,70669312,ok
Corenflos DPF,20,20,34,-5180.546010082406,0.10200612637048548,5000,36,70670309,ok
Corenflos DPF,20,20,35,-4080.263950834205,0.09442868675806414,5000,36,70671306,ok
Corenflos DPF,20,20,36,-3877.9771186695193,0.08098059868498966,5000,36,70672303,ok
Corenflos DPF,20,20,37,-5028.863881537171,0.251756390619411,5000,36,70673300,ok
Corenflos DPF,20,20,38,-4161.788652681634,0.10938805485311193,5000,36,70674297,ok
Corenflos DPF,20,20,39,-4277.541914117889,0.07919666527915542,5000,36,70675294,ok
Corenflos DPF,20,20,40,-4212.054017732139,0.20202772441103242,5000,36,70676291,ok
Corenflos DPF,20,20,41,-4822.498201890189,0.5352662914778135,5000,36,70677288,ok
Corenflos DPF,20,20,42,-4076.142859997442,0.111092158468873,5000,36,70678285,ok
Corenflos DPF,20,20,43,-4471.872159103724,0.4638499276132037,5000,36,70679282,ok
Corenflos DPF,20,20,44,-4074.886657471524,0.5551811257028961,5000,36,70680279,ok
Corenflos DPF,20,20,45,-4529.48999791895,0.11913927777196946,5000,36,70681276,ok
Corenflos DPF,20,20,46,-4234.187719570759,0.7987097107566806,5000,36,70682273,ok
Corenflos DPF,20,20,47,-4909.7374568719315,0.5878215063670357,5000,36,70683270,ok
Corenflos DPF,20,20,48,-4299.976083172782,2.9897509886117444,5000,36,70684267,ok
Corenflos DPF,20,20,49,-4248.71666368773,0.10873485627112349,5000,36,70685264,ok
Corenflos DPF,20,20,50,-4188.603480703703,0.1604793706645684,5000,36,70686261,ok
Corenflos DPF,20,20,51,-5974.550947668595,0.3945100885556294,5000,36,70687258,ok
Corenflos DPF,20,20,52,-4468.477011408386,0.5369594764377448,5000,36,70688255,ok
Corenflos DPF,20,20,53,-4662.545386211366,2.2638145689929527,5000,36,70689252,ok
Corenflos DPF,20,20,54,-4020.873945753527,0.13744489541928517,5000,36,70690249,ok
Corenflos DPF,20,20,55,-4126.927347482299,0.07907500244549229,5000,36,70691246,ok
Corenflos DPF,20,20,56,-4575.518720821437,2.2969179202500203,5000,36,70692243,ok
Corenflos DPF,20,20,57,-3940.3404739500584,0.12540873278191916,5000,36,70693240,ok
Corenflos DPF,20,20,58,-4346.325412379185,0.31028628723620644,5000,36,70694237,ok
Corenflos DPF,20,20,59,-4176.224700965071,0.6154186030973199,5000,36,70695234,ok
Corenflos DPF,20,20,60,-4215.275077959403,0.09578364108015491,5000,36,70696231,ok
Corenflos DPF,20,20,61,-4315.943093675903,0.2700769617645001,5000,36,70697228,ok
Corenflos DPF,20,20,62,-5092.7686126342915,0.13163785583084453,5000,36,70698225,ok
Corenflos DPF,20,20,63,-4884.150835700459,0.38040589857983176,5000,36,70699222,ok
Corenflos DPF,20,20,64,-4793.099326529483,0.07471222158309093,5000,36,70700219,ok
Corenflos DPF,20,20,65,-4273.211425954812,5.207692519596725,5000,36,70701216,ok
Corenflos DPF,20,20,66,-5367.790284776956,1.1184063684544827,5000,36,70702213,ok
Corenflos DPF,20,20,67,-4520.7347975158345,0.9045499437271893,5000,36,70703210,ok
Corenflos DPF,20,20,68,-4966.870070750662,0.399359048652223,5000,36,70704207,ok
Corenflos DPF,20,20,69,-6016.293807545759,0.1610731336947767,5000,36,70705204,ok
Corenflos DPF,20,20,70,-5576.051405190909,0.7353466202956285,5000,36,70706201,ok
Corenflos DPF,20,20,71,-3971.015689038012,0.08957423276692418,5000,36,70707198,ok
Corenflos DPF,20,20,72,-4017.7361863683595,0.08999633681260828,5000,36,70708195,ok
Corenflos DPF,20,20,73,-4046.011875212167,0.10024971876875738,5000,36,70709192,ok
Corenflos DPF,20,20,74,-3842.428200317373,0.11446147955279536,5000,36,70710189,ok
Corenflos DPF,20,20,75,-4706.927448330046,0.07446581302252679,5000,36,70711186,ok
Corenflos DPF,20,20,76,-3872.2533921467207,0.10565263180464976,5000,36,70712183,ok
Corenflos DPF,20,20,77,-4157.448476865111,0.18909424391793503,5000,36,70713180,ok
Corenflos DPF,20,20,78,-5297.823453028809,0.11307483726147927,5000,36,70714177,ok
Corenflos DPF,20,20,79,-4533.829878738075,0.13738452873069334,5000,36,70715174,ok
Corenflos DPF,20,20,80,-5688.330821358968,0.4047787492788605,5000,36,70716171,ok
Corenflos DPF,20,20,81,-5082.731061577557,0.3298813112917963,5000,36,70717168,ok
Corenflos DPF,20,20,82,-4165.955766605289,1.3653196291717025,5000,36,70718165,ok
Corenflos DPF,20,20,83,-4950.913907905991,0.9913175432571897,5000,36,70719162,ok
Corenflos DPF,20,20,84,-5104.126579392614,13.176703895102815,5000,36,70720159,ok
Corenflos DPF,20,20,85,-4051.375169473089,0.06834997154917576,5000,36,70721156,ok
Corenflos DPF,20,20,86,-5479.629787235393,0.2529224157916712,5000,36,70722153,ok
Corenflos DPF,20,20,87,-3959.8579269853817,0.1673572989111535,5000,36,70723150,ok
Corenflos DPF,20,20,88,-4763.601223335563,0.12671711477175232,5000,36,70724147,ok
Corenflos DPF,20,20,89,-4937.322620185006,0.2418124310343998,5000,36,70725144,ok
Corenflos DPF,20,20,90,-3923.2744491752314,0.07821515482226886,5000,36,70726141,ok
Corenflos DPF,20,20,91,-5876.158978514073,0.27003601653145753,5000,36,70727138,ok
Corenflos DPF,20,20,92,-4353.060181174288,2.466225325203192,5000,36,70728135,ok
Corenflos DPF,20,20,93,-6824.082445261342,27.42374797222321,5000,36,70729132,ok
Corenflos DPF,20,20,94,-4202.068832173787,0.1528470220532213,5000,36,70730129,ok
Corenflos DPF,20,20,95,-4943.286750435383,3.3307756240511543,5000,36,70731126,ok
Corenflos DPF,20,20,96,-6183.538563208433,0.10862996441912261,5000,36,70732123,ok
Corenflos DPF,20,20,97,-4892.302589276099,0.30337331104073334,5000,36,70733120,ok
Corenflos DPF,20,20,98,-4936.098477309887,0.12483516715314037,5000,36,70734117,ok
Corenflos DPF,20,20,99,-5228.736233604022,2.2269460140752524,5000,36,70735114,ok
