method,order,inference_nstep,start,iteration,approx_loglik,gradient_norm
DS-Krylov QML,6,5,0,0,-3934.9439980775846,422.71084790042175
DS-Krylov QML,6,5,0,1,-3932.408940224896,369.8706326488642
DS-Krylov QML,6,5,0,2,-3930.278362361716,316.087274992027
DS-Krylov QML,6,5,0,3,-3928.5433275043433,263.60238766936186
DS-Krylov QML,6,5,0,4,-3927.1481292399235,215.1154046203966
DS-Krylov QML,6,5,0,5,-3926.0604299545075,171.2820175484726
DS-Krylov QML,6,5,0,6,-3925.2490822423065,135.30656202535857
DS-Krylov QML,6,5,0,7,-3924.6257383140173,112.44595792859334
DS-Krylov QML,6,5,0,8,-3924.0630224531797,103.19050746397518
DS-Krylov QML,6,5,0,9,-3923.4757230673013,101.40864126945601
DS-Krylov QML,6,5,0,10,-3922.839544296305,101.35176013094414
DS-Krylov QML,6,5,0,11,-3922.1573094329233,100.2762260946703
DS-Krylov QML,6,5,0,12,-3921.4409655850636,97.43622547479858
DS-Krylov QML,6,5,0,13,-3920.7057611899227,93.16139300182883
DS-Krylov QML,6,5,0,14,-3919.9672301539636,88.3618317418545
DS-Krylov QML,6,5,0,15,-3919.2388100404855,84.17762562938498
DS-Krylov QML,6,5,0,16,-3918.530093197183,81.5838274503582
DS-Krylov QML,6,5,0,17,-3917.8461349104077,80.98546814604353
DS-Krylov QML,6,5,0,18,-3917.1879353783606,82.06436123304559
DS-Krylov QML,6,5,0,19,-3916.553630822719,84.01764387886158
DS-Krylov QML,6,5,0,20,-3915.9398296960785,85.95445542475267
DS-Krylov QML,6,5,0,21,-3915.342803571001,87.16401345225303
DS-Krylov QML,6,5,0,22,-3914.759380885352,87.20138606811031
DS-Krylov QML,6,5,0,23,-3914.187447558795,85.87245202301507
DS-Krylov QML,6,5,0,24,-3913.626047816825,83.19059620359226
DS-Krylov QML,6,5,0,25,-3913.075158131181,79.33650347324217
DS-Krylov QML,6,10,0,0,-3924.1693573810962,496.6298239529517
DS-Krylov QML,6,10,0,1,-3921.1059238374614,443.68735679250983
DS-Krylov QML,6,10,0,2,-3918.439608260384,388.8160564528502
DS-Krylov QML,6,10,0,3,-3916.1870649977914,332.29327611314187
DS-Krylov QML,6,10,0,4,-3914.3627819648145,274.7820978056609
DS-Krylov QML,6,10,0,5,-3912.972641866249,217.86589039137405
DS-Krylov QML,6,10,0,6,-3911.9938867051637,165.19818317590523
DS-Krylov QML,6,10,0,7,-3911.345576046453,123.43045432494286
DS-Krylov QML,6,10,0,8,-3910.8864672408554,100.04363404725024
DS-Krylov QML,6,10,0,9,-3910.4551382521645,94.07956090619606
DS-Krylov QML,6,10,0,10,-3909.9718568036637,95.71943828213695
DS-Krylov QML,6,10,0,11,-3909.4220835982774,97.77546768138814
DS-Krylov QML,6,10,0,12,-3908.8131297172554,97.41512467835032
DS-Krylov QML,6,10,0,13,-3908.160390118932,94.15704461457469
DS-Krylov QML,6,10,0,14,-3907.482936267546,88.70786150080842
DS-Krylov QML,6,10,0,15,-3906.8003474517473,82.48002713754306
DS-Krylov QML,6,10,0,16,-3906.1296380047247,77.25632553894563
DS-Krylov QML,6,10,0,17,-3905.4826821075662,74.6062498132918
DS-Krylov QML,6,10,0,18,-3904.86506104017,75.07893809042213
DS-Krylov QML,6,10,0,19,-3904.276818595179,77.92098457838306
DS-Krylov QML,6,10,0,20,-3903.7143172402875,81.70684399481954
DS-Krylov QML,6,10,0,21,-3903.1722078122098,85.1186609162451
DS-Krylov QML,6,10,0,22,-3902.6451143895238,87.27402366866993
DS-Krylov QML,6,10,0,23,-3902.128804702304,87.71815135292356
DS-Krylov QML,6,10,0,24,-3901.620735605743,86.32435364008788
DS-Krylov QML,6,10,0,25,-3901.120036662623,83.20882157949315
DS-Krylov QML,6,20,0,0,-3921.2148268612277,525.9292666408884
DS-Krylov QML,6,20,0,1,-3917.946286648445,473.17277294613814
DS-Krylov QML,6,20,0,2,-3915.0708661844933,418.3390251120487
DS-Krylov QML,6,20,0,3,-3912.605557541635,361.575078027724
DS-Krylov QML,6,20,0,4,-3910.566641646685,303.25465791931754
DS-Krylov QML,6,20,0,5,-3908.9671653305127,244.2776101500164
DS-Krylov QML,6,20,0,6,-3907.808831129861,186.85337599382945
DS-Krylov QML,6,20,0,7,-3907.058128683367,136.3019038500371
DS-Krylov QML,6,20,0,8,-3906.596996928185,102.53514702032189
DS-Krylov QML,6,20,0,9,-3906.2264084579233,91.07799297127187
DS-Krylov QML,6,20,0,10,-3905.818978984009,92.65749168845956
DS-Krylov QML,6,20,0,11,-3905.3409780828815,96.64306353556661
DS-Krylov QML,6,20,0,12,-3904.7921642368606,98.20201139903136
DS-Krylov QML,6,20,0,13,-3904.1850635264827,96.11814759712401
DS-Krylov QML,6,20,0,14,-3903.5390801464923,90.88520034533612
DS-Krylov QML,6,20,0,15,-3902.8765669850522,83.96857510653777
DS-Krylov QML,6,20,0,16,-3902.218865947766,77.48955417533745
DS-Krylov QML,6,20,0,17,-3901.58249252372,73.6870020697265
DS-Krylov QML,6,20,0,18,-3900.976492838311,73.7963997965012
DS-Krylov QML,6,20,0,19,-3900.402335198594,77.21556405805866
DS-Krylov QML,6,20,0,20,-3899.8560437055376,82.15351378242349
DS-Krylov QML,6,20,0,21,-3899.33096490789,86.85933249655504
DS-Krylov QML,6,20,0,22,-3898.820212279087,90.17272049060493
DS-Krylov QML,6,20,0,23,-3898.318349356351,91.50280526049616
DS-Krylov QML,6,20,0,24,-3897.8221767579785,90.66831792243771
DS-Krylov QML,6,20,0,25,-3897.330761248687,87.77238049778306
