method,inference_nstep,start,start_type,particles,iterations_requested,updates_completed,termination_reason,elapsed_seconds,output_selected_iteration,output_selected_elapsed_seconds,initial_pseudo_loglik,final_pseudo_loglik,minimum_ess,maximum_invalid_fraction,maximum_backward_fallbacks,total_backtracks,gamma,m,epsilon,beta_trend,sigma,tau,bs1,bs2,bs3,bs4,bs5,bs6,omegas1,omegas2,omegas3,omegas4,omegas5,omegas6,S_0,I_0,R1_0,R2_0,R3_0,raw_0,raw_1,raw_2,raw_3,raw_4,raw_5,raw_6,raw_7,raw_8,raw_9,raw_10,raw_11,raw_12,raw_13,raw_14,raw_15,raw_16,raw_17,raw_18,raw_19,raw_20,raw_21,raw_22
DS order-1.5 block Gaussian,20,0,global-box,100,5000,92,time-budget,800.539832215989,94,800.539832215989,-6229.366922660638,-3951.3660920579523,1.0000000000000782,0.61,0,14,18.618721235592847,0.34368331586893613,14.333692198637332,-0.005780393312159967,2.0812233547061347,0.44253501846857324,1.5251928672441464,5.168020577471345,-3.398119838796966,2.854340665267622,4.075718055790562,3.4438566390030325,-3.8686218880792436,-4.088739009788266,-3.1156578867752107,-8.842503498269465,-7.426094893458905,-8.025493368679165,0.26178614557598534,0.15425589196442796,0.1781356137825494,0.14370312574615468,0.2621192229308826,2.924167592562134,-1.0680346390193471,2.662612863826262,-0.5780393312159967,0.7329558721210646,-0.8152356798832955,1.5251928672441464,5.168020577471345,-3.398119838796966,2.854340665267622,4.075718055790562,3.4438566390030325,-3.8686218880792436,-4.088739009788266,-3.1156578867752107,-8.842503498269465,-7.426094893458905,-8.025493368679165,-0.001271517414383263,-0.5301865900557167,-0.3862543142166745,-0.6010499048766912,0.0
DS order-1.5 block Gaussian,20,1,global-box,100,5000,92,time-budget,802.0592589100124,94,802.0592589100124,-6572.598927265824,-4016.5636807605297,1.0,0.85,0,14,12.661591589750273,0.47763506173791526,14.629063443960273,-0.004171362979393096,2.7416253619747946,0.44989141353646406,-2.065534384050197,1.6582939814564854,-0.2752685884839768,2.8517821190123964,3.2533560692864847,3.9985138344401894,-3.6928146725976365,-0.8626244243627409,-5.306761814366013,-9.178655658227987,-4.232197183535289,-5.359534799206406,0.17965996023343725,0.07554746026353157,0.31860660373812955,0.3233097591744579,0.10287621659044376,2.538573126803939,-0.7389083072492305,2.68301019684896,-0.4171362979393096,1.008550942328731,-0.7987490285883878,-2.065534384050197,1.6582939814564854,-0.2752685884839768,2.8517821190123964,3.2533560692864847,3.9985138344401894,-3.6928146725976365,-0.8626244243627409,-5.306761814366013,-9.178655658227987,-4.232197183535289,-5.359534799206406,-0.5875449159439604,-1.4538497988788097,-0.014653745776543606,0.0,-1.145084385564708
DS order-1.5 block Gaussian,20,2,global-box,100,5000,94,time-budget,800.1547323759878,95,800.1547323759878,-31375.52628741172,-4061.4508635388343,1.0,0.7,0,7,21.323819562733465,0.3266878924815872,13.980370181173967,-0.009762048385111417,3.966859820896518,0.352260607116297,-2.5580261552625916,5.841231227698516,-2.5323009667037204,2.27427066686124,2.8912429572465417,5.277816209112709,-1.9408537047249008,-0.8748362035916661,-6.144763925177883,-4.364278511996232,-3.776728333385915,-6.373809029972026,0.03684561261839789,0.19065305933117616,0.21509325865368856,0.352736078912662,0.20467199048407544,3.0598247372258522,-1.1187500211120913,2.6376542157951475,-0.9762048385111418,1.3779748046075029,-1.0433840161902972,-2.5580261552625916,5.841231227698516,-2.5323009667037204,2.27427066686124,2.8912429572465417,5.277816209112709,-1.9408537047249008,-0.8748362035916661,-6.144763925177883,-4.364278511996232,-3.776728333385915,-6.373809029972026,-2.258983574508815,-0.6152647924760578,-0.4946484302363853,0.0,-0.5443114742189097
DS order-1.5 block Gaussian,20,3,global-box,100,5000,96,time-budget,800.0798245069454,96,800.0798245069454,-7225.9062942964,-4257.216335675397,1.000114273478446,0.63,0,0,10.807931649840217,0.5980246564478044,2.813089515231627,-0.00428969883312035,2.898229388778624,0.4849293239475402,1.3311217641479827,3.5670416483281304,1.599211598987094,2.465530172580644,1.7460525967535445,4.031803016251623,-6.961232497841232,-2.595008207505903,-5.1512544817853385,-9.811862262518957,-1.827591483040049,-6.5943435073959575,0.31472446706539237,0.31472446706539237,0.25917893276978116,0.01176241249820549,0.09960972060122852,2.380280276603872,-0.5141232943634334,1.0342833509820821,-0.42896988331203506,1.064099994933882,-0.723752122482906,1.3311217641479827,3.5670416483281304,1.599211598987094,2.465530172580644,1.7460525967535445,4.031803016251623,-6.961232497841232,-2.595008207505903,-5.1512544817853385,-9.811862262518957,-1.827591483040049,-6.5943435073959575,0.0,0.0,-0.19417886503615459,-3.286788482480211,-1.1504377920904738
DS order-1.5 block Gaussian,20,4,global-box,100,5000,92,time-budget,800.7989497359958,94,800.7989497359958,-14379.822371013472,-4947.190049459099,1.0,0.53,0,14,15.2990660526758,0.4436716235704966,2.2157046729217362,-0.0013803473237892897,4.999999999999999,0.5,3.108783355053584,4.997277959975,2.562191733194303,0.0,6.33508815359832,4.842559324216144,-0.014912478309425223,-6.125323739489877,-4.7017838841697595,-6.612834765243988,-8.851548551215133,-2.2528139235067415,0.009243715370747984,0.08620586880884261,0.2893246150662285,0.3117986697587279,0.30342713099545304,2.727791784226461,-0.8126705767319057,0.7955704896615795,-0.13803473237892896,1.6094379124341003,-0.6931471805599453,3.108783355053584,4.997277959975,2.562191733194303,0.0,6.33508815359832,4.842559324216144,-0.014912478309425223,-6.125323739489877,-4.7017838841697595,-6.612834765243988,-8.851548551215133,-2.2528139235067415,-3.5184137890501326,-1.2856194313046014,-0.0748083970072525,0.0,-0.027216204180806697
DS order-1.5 block Gaussian,20,5,global-box,100,5000,90,time-budget,801.1454932329943,93,801.1454932329943,-1501891.68429604,-6000.345945300673,1.0,0.42999999999999994,0,21,22.058477577002662,0.6,3.031709958409696,0.0,4.999999999999999,0.5,0.9568014424478136,5.181622047390265,4.0,3.6653134485800156,4.786307598308176,7.673570843346802,-4.156486140975929,-6.064433943573487,0.0,-2.2664141622503546,-6.603095578832472,0.0,0.2856685437196304,0.08751095994753712,0.046970172233489836,0.3029907173317883,0.27685960676755433,3.093696998615333,-0.5108256237659907,1.1091268030492873,0.0,1.6094379124341003,-0.6931471805599453,0.9568014424478136,5.181622047390265,4.0,3.6653134485800156,4.786307598308176,7.673570843346802,-4.156486140975929,-6.064433943573487,0.0,-2.2664141622503546,-6.603095578832472,0.0,-0.05886996848280997,-1.2419381271084915,-1.8641894022563146,0.0,-0.0901916262423889
DS order-1.5 block Gaussian,20,6,global-box,100,5000,96,time-budget,800.4944367349963,96,800.4944367349963,-29057.833678207484,-4055.5009194541103,1.0,0.71,0,0,10.901776137481733,0.59926457560443,24.54414363583842,-0.01,2.6988134840432982,0.4979727779341628,-1.253392835706901,2.2841007402072915,1.0357639481055416,0.43661021042880815,3.5545913564454032,3.45112449960695,-6.246819428185185,0.0,-8.489887750493962,-6.347060558663259,-5.152195818292899,-3.1999031176943347,0.11250845468277933,0.020436849137393902,0.45085208815770167,0.40044592222764064,0.015756685794484453,2.38892572435327,-0.5120520828855472,3.2004732773449716,-1.0,0.9928122260693447,-0.6972098662343541,-1.253392835706901,2.2841007402072915,1.0357639481055416,0.43661021042880815,3.5545913564454032,3.45112449960695,-6.246819428185185,0.0,-8.489887750493962,-6.347060558663259,-5.152195818292899,-3.1999031176943347,-1.388110949980591,-3.0937997198750664,0.0,-0.11856058979426379,-3.3538745514499784
DS order-1.5 block Gaussian,20,7,global-box,100,5000,94,time-budget,801.7529647990013,95,801.7529647990013,-6640.085931911626,-4006.4849897570443,1.0002698153999645,0.59,0,7,15.866631978468426,0.13676683727698632,13.399238571056713,-0.004959343744176071,1.9187833722017598,0.43300670813698805,2.2988905773494115,4.4072257069234455,-1.6133047303120236,2.3354594210014357,4.499235326736232,1.9254749771992088,-4.835938700645096,-1.2664634242465185,-3.9461560162008924,-9.985941140068741,-3.2917154036765077,-0.9369052141305714,0.24179275530857594,0.2346160464018639,0.14052283299191137,0.140917859590325,0.24215050570732383,2.7642182863358933,-1.989477720747464,2.5951978822869055,-0.4959343744176071,0.6516913248805609,-0.8370020588664219,2.2988905773494115,4.4072257069234455,-1.6133047303120236,2.3354594210014357,4.499235326736232,1.9254749771992088,-4.835938700645096,-1.2664634242465185,-3.9461560162008924,-9.985941140068741,-3.2917154036765077,-0.9369052141305714,-0.0014784810234335943,-0.031609124387078295,-0.5441894692842396,-0.5413822927228271,0.0
DS order-1.5 block Gaussian,20,8,global-box,100,5000,92,time-budget,802.3468168200343,94,802.3468168200343,-9112.398041688575,-3855.39680076639,1.000000416981423,0.5700000000000001,0,14,27.250603765207273,0.142936179798829,8.014536640116784,-0.002140235666061426,3.053852694297905,0.28213743882597087,2.3553576668294967,5.191006154218373,-0.7750444379518951,3.9743335016675108,3.6979327452273445,4.236252007591577,-4.73230119506408,0.0,-5.70094012807845,-5.338392438688021,-5.173947856187885,-8.621136684488642,0.041887365627547,0.26974597373808284,0.28391610722332333,0.06622680150269653,0.3382237519083503,3.305075677385169,-1.9453570434546186,2.0812569728016888,-0.21402356660614258,1.116403971938956,-1.2653609550477463,2.3553576668294967,5.191006154218373,-0.7750444379518951,3.9743335016675108,3.6979327452273445,4.236252007591577,-4.73230119506408,0.0,-5.70094012807845,-5.338392438688021,-5.173947856187885,-8.621136684488642,-2.088723419238736,-0.22622698623481477,-0.17502886693829847,-1.6306224268133431,0.0
DS order-1.5 block Gaussian,20,9,global-box,100,5000,90,time-budget,802.9797242929926,93,802.9797242929926,-15124.129973837276,-3941.7071195312556,1.0,0.55,0,21,17.60436521934521,0.5468920632656963,0.8529107846785807,-0.007587397242648511,2.37194959196212,0.3970644133926264,1.5763453907594402,5.400018565888844,-2.4352491719756904,3.8904157225533895,3.4706345574982254,2.858734544550534,-4.846131093498758,-8.469356291228262,-2.811939952244928,-9.632726225427401,-5.061727565241164,-1.4963296452490735,0.2774774613946708,0.022666331089018797,0.20683130614940784,0.21554743997223177,0.2774774613946708,2.868146895117714,-0.6035038209568815,-0.1591003270206602,-0.758739724264851,0.8637122296289423,-0.9236567610968522,1.5763453907594402,5.400018565888844,-2.4352491719756904,3.8904157225533895,3.4706345574982254,2.858734544550534,-4.846131093498758,-8.469356291228262,-2.811939952244928,-9.632726225427401,-5.061727565241164,-1.4963296452490735,0.0,-2.5048590981863916,-0.29383619481044915,-0.2525586852895333,0.0
DS order-1.5 block Gaussian,20,10,global-box,100,5000,96,time-budget,801.3052762079751,96,801.3052762079751,-49848.026823050546,-3945.569302581466,1.0,0.6599999999999999,0,0,10.721219481372186,0.30831916780136737,25.000629851040436,-0.001682548383911729,1.7793158401525884,0.3961369076806912,0.5541368575823183,5.728600440155884,-3.9562022405504282,2.991547861143911,3.8259075244356926,2.7742928071283437,-6.743315819051655,-4.2544101897062525,-10.0,-7.103854232938175,-8.33171445581674,-1.6664193124438595,0.3617056052713478,0.13008848905685,0.09900730391923562,0.047492996481218776,0.3617056052713478,2.372224906763441,-1.1766197734590353,3.2189010185924536,-0.16825483839117292,0.5762289309541239,-0.9259954010108884,0.5541368575823183,5.728600440155884,-3.9562022405504282,2.991547861143911,3.8259075244356926,2.7742928071283437,-6.743315819051655,-4.2544101897062525,-10.0,-7.103854232938175,-8.33171445581674,-1.6664193124438595,0.0,-1.0226157319085227,-1.2956370114806213,-2.030248378186577,0.0
DS order-1.5 block Gaussian,20,11,global-box,100,5000,90,time-budget,802.6570437939372,93,802.6570437939372,-5976.106201685628,-3984.742746230235,1.0000336376041397,0.69,0,21,17.82818966271154,0.22438379565594857,22.501250608402614,-0.001958037832170055,2.6911695782651748,0.3473660132876655,1.6390414401988629,5.580992975891264,-3.5753118093052656,0.5486647324581324,4.937467275632603,2.2320991502334167,-5.78845655864192,-3.5622685114819226,-6.924952051451171,-2.677361854764717,-9.77976656060554,-0.21127061223203228,0.14016173872781829,0.07289150505149819,0.3075756332437008,0.3075756332437008,0.17179548973328193,2.880780893501557,-1.4943973198128855,3.113570890261391,-0.19580378321700548,0.9899758865802416,-1.0573762616026825,1.6390414401988629,5.580992975891264,-3.5753118093052656,0.5486647324581324,4.937467275632603,2.2320991502334167,-5.78845655864192,-3.5622685114819226,-6.924952051451171,-2.677361854764717,-9.77976656060554,-0.21127061223203228,-0.7859239863530098,-1.4397489153324956,0.0,0.0,-0.582416262573202
DS order-1.5 block Gaussian,20,12,global-box,100,5000,15,non-finite-path-or-score,132.86487931606825,15,132.86487931606825,-7125.5578845588225,-5905.148331997989,1.000000027878713,0.22999999999999998,0,0,22.529692711118795,0.315597556235434,22.851832795701494,0.0,3.7349570396586427,0.4155402994937143,3.990469372751201,4.862960998713587,3.5508298116739017,7.977000200710359,6.1550158420308465,2.814517285481386,-9.077763778657896,-3.580126763211681,-7.5879740075967765,-6.879792929748777,-8.805853657643834,-3.6234788653328596,0.27644837136509,0.2230512194415433,0.0737309484827967,0.15032108934548005,0.27644837136509,3.114834115252995,-1.1532874332741294,3.1290313240011005,0.0,1.3177363164192046,-0.8781756790319784,3.990469372751201,4.862960998713587,3.5508298116739017,7.977000200710359,6.1550158420308465,2.814517285481386,-9.077763778657896,-3.580126763211681,-7.5879740075967765,-6.879792929748777,-8.805853657643834,-3.6234788653328596,0.0,-0.2146226528395127,-1.321601445329642,-0.609250479598538,0.0
DS order-1.5 block Gaussian,20,13,global-box,100,5000,96,time-budget,801.4091285039904,96,801.4091285039904,-5984.871570942456,-4245.048494820576,1.0,0.6799999999999999,0,0,30.961733903491545,0.16189039536665667,12.452473952875337,-0.006259526011085908,4.999999999999999,0.5,1.2970656836578551,4.955910891146481,1.6866389506324644,0.04838971631246577,1.2475489791618908,4.580751479824793,-0.7026907978240282,-6.724633687426819,-9.865868148389046,-3.3556339435219207,-1.491678794562096,-0.8956824386201114,0.17125962639510972,0.13816352619763,0.2438124676901337,0.24519396126205345,0.20157041845507306,3.432752051788065,-1.8208357445385077,2.5219193142446104,-0.6259526011085907,1.6094379124341003,-0.6931471805599453,1.2970656836578551,4.955910891146481,1.6866389506324644,0.04838971631246577,1.2475489791618908,4.580751479824793,-0.7026907978240282,-6.724633687426819,-9.865868148389046,-3.3556339435219207,-1.491678794562096,-0.8956824386201114,-0.35886888786447424,-0.573611619875045,-0.005650221205583967,0.0,-0.19591078437618806
DS order-1.5 block Gaussian,20,14,global-box,100,5000,94,time-budget,801.7558924540645,95,801.7558924540645,-35503.65380037693,-4449.143885109458,1.0,0.73,0,7,11.345313880500322,0.5691756818037889,30.000000000000004,-0.01,4.956355228059551,0.5,-0.45342040398099737,4.714381178305207,-0.0689502192464408,4.7017440928730165,3.6969484449560457,2.1531840689634554,-6.547554925000675,-1.0238081819655411,-10.0,-4.671476495488974,-9.300607915187792,-7.405245142569373,0.0684364480853849,0.21429859158692408,0.1928804020232333,0.2995740879796145,0.22481047032484322,2.4288047847067595,-0.5635661371439955,3.4011973816621555,-1.0,1.6006706375621809,-0.6931471805599453,-0.45342040398099737,4.714381178305207,-0.0689502192464408,4.7017440928730165,3.6969484449560457,2.1531840689634554,-6.547554925000675,-1.0238081819655411,-10.0,-4.671476495488974,-9.300607915187792,-7.405245142569373,-1.4764562097322924,-0.33499142888139766,-0.440291440994495,0.0,-0.287104066070094
DS order-1.5 block Gaussian,20,15,global-box,100,5000,96,time-budget,807.0327496420359,96,807.0327496420359,-18657.83151760864,-4046.062992821823,1.0,0.6699999999999999,0,4,30.07788997442978,0.38147958914388813,10.798959165494548,-0.006663964744995707,4.304076833346758,0.38274941064335055,1.1195158218283245,4.697114527218571,0.244851829847137,3.4707946776790894,3.700184645078662,4.302733141164894,-5.7803950267090904,-0.8729040289047504,-3.399484858734529,-8.67305970305817,-5.956520985628323,-2.464651528906218,0.22522335311125902,0.053084645001342246,0.29538243102165596,0.29076453469540864,0.1355450361703341,3.4037903494945447,-0.9636979312776461,2.379449755920624,-0.6663964744995707,1.4595626743141688,-0.9603747842408251,1.1195158218283245,4.697114527218571,0.244851829847137,3.4707946776790894,3.700184645078662,4.302733141164894,-5.7803950267090904,-0.8729040289047504,-3.399484858734529,-8.67305970305817,-5.956520985628323,-2.464651528906218,-0.27117830279667665,-1.7163831780338143,0.0,-0.01575711261088426,-0.7789669377563595
DS order-1.5 block Gaussian,20,16,global-box,100,5000,96,time-budget,801.4759185590083,96,801.4759185590083,-650431.251762369,-4071.6051499622517,1.0,0.69,0,0,10.512470504270212,0.6,13.822699047036558,-0.008219147602101023,3.5047827979102983,0.32446468820137736,0.6045249108005191,3.7738739342812178,-0.7328439196135851,2.793112262627137,3.24250778569904,3.3936031503762853,-3.7927413087338833,-5.368988622289017,-6.819396241170707,-6.821860398648547,-7.682191398752793,-5.0033437056383,0.2138573827954838,0.19554093968701805,0.1948511681238455,0.17487647056926056,0.2208740388243921,2.352562219518218,-0.5108256237659907,2.626312099345951,-0.8219147602101023,1.254128549353914,-1.1255785678612933,0.6045249108005191,3.7738739342812178,-0.7328439196135851,2.793112262627137,3.24250778569904,3.3936031503762853,-3.7927413087338833,-5.368988622289017,-6.819396241170707,-6.821860398648547,-7.682191398752793,-5.0033437056383,-0.03228322163828766,-0.12182281129219544,-0.12535655220116923,-0.2335127367483243,0.0
DS order-1.5 block Gaussian,20,17,global-box,100,5000,94,time-budget,801.7821725410176,95,801.7821725410176,-174118.75395182183,-4326.407959978178,1.0,0.72,0,7,12.293073203408731,0.5506197520359799,15.971679059449897,-0.00576545757997124,4.023565382652851,0.5,-3.1303892737886576,2.5307321382991863,1.010439068328867,3.0178335650639427,1.998715810187929,5.0224215446567975,-0.6478907608705757,-6.2086491902095435,-2.4693338539769965,-10.0,-8.047460281425876,-7.750785087451725,0.17302260440058415,0.014387114357279225,0.31171169471714366,0.31171169471714366,0.18916689180784937,2.509035949553078,-0.596710813259283,2.770817095050297,-0.576545757997124,1.3921684206653446,-0.6931471805599453,-3.1303892737886576,2.5307321382991863,1.010439068328867,3.0178335650639427,1.998715810187929,5.0224215446567975,-0.6478907608705757,-6.2086491902095435,-2.4693338539769965,-10.0,-8.047460281425876,-7.750785087451725,-0.5886564579759431,-3.0757457355364366,0.0,0.0,-0.49944905435294124
DS order-1.5 block Gaussian,20,18,global-box,100,5000,94,time-budget,801.6711474229814,95,801.6711474229814,-63325.99070688199,-4151.400773590609,1.0,0.6499999999999999,0,7,10.000000000000002,0.6,30.000000000000004,-0.005194122996866739,3.11810609899917,0.3780000172912299,-4.0,3.125245812230794,-0.31676158283410755,1.4180216591863233,3.768253863482367,3.7412882539555623,-2.2573182656274917,-2.744062671920368,-7.571023576532188,-6.071219076402724,-8.48446143652098,-5.27787469943232,0.2750509431195668,0.09224485761836784,0.13292351408560635,0.22472974205689222,0.2750509431195668,2.302585092994046,-0.5108256237659907,3.4011973816621555,-0.5194122996866739,1.1372257979588842,-0.972861037618556,-4.0,3.125245812230794,-0.31676158283410755,1.4180216591863233,3.768253863482367,3.7412882539555623,-2.2573182656274917,-2.744062671920368,-7.571023576532188,-6.071219076402724,-8.48446143652098,-5.27787469943232,0.0,-1.0925097908252979,-0.7271824474823193,-0.20205779438176824,0.0
DS order-1.5 block Gaussian,20,19,global-box,100,5000,92,time-budget,802.3424096539384,94,802.3424096539384,-10412.388389530604,-3948.7579387991755,1.000000000567944,0.88,0,14,15.006519089067913,0.6,27.229967378603128,-0.0041692358130499775,2.5353906246485667,0.3771991511965247,-0.8202266922973,5.682775072859367,-1.8572592039186717,3.6235421687793,2.8352264549943786,4.476189947195056,-2.1491027485664573,-6.4150275582328335,-8.513496403613123,-8.062983440649454,-6.604547669664291,-7.391689370860464,0.07893242713076672,0.41360826782750637,0.01073764938311061,0.2370977282697173,0.259623927388899,2.7084847126262646,-0.5108256237659907,3.304318108690207,-0.41692358130499774,0.9303477177356441,-0.9749819784996913,-0.8202266922973,5.682775072859367,-1.8572592039186717,3.6235421687793,2.8352264549943786,4.476189947195056,-2.1491027485664573,-6.4150275582328335,-8.513496403613123,-8.062983440649454,-6.604547669664291,-7.391689370860464,-1.6563271792371919,0.0,-3.651163113412208,-0.5564469011978236,-0.4656851621044888
DS order-1.5 block Gaussian,20,20,global-box,100,5000,88,time-budget,803.3233106599655,92,803.3233106599655,-5785.05831477136,-3990.8014866808494,1.0000027738476225,0.5800000000000001,0,28,28.887420625448424,0.3770843209259329,30.000000000000004,-0.002469865072260165,3.0828422976586567,0.4967694793719705,1.926281381174063,5.259470096234219,-3.2130752368158815,4.167017418091199,3.715784282236206,4.275511191572275,-2.0759167288268765,-1.5477430877375804,-2.6876323675076765,-6.639574650884964,-9.858169358859882,-8.176933671002594,0.004701373157792557,0.25165591660174197,0.2417649008766868,0.24513105096045068,0.256746758403328,3.363406227883991,-0.9752864536094421,3.4011973816621555,-0.2469865072260165,1.1258519953604211,-0.6996291846864926,1.926281381174063,5.259470096234219,-3.2130752368158815,4.167017418091199,3.715784282236206,4.275511191572275,-2.0759167288268765,-1.5477430877375804,-2.6876323675076765,-6.639574650884964,-9.858169358859882,-8.176933671002594,-4.00023559595304,-0.020027479051914186,-0.060124453251084196,-0.04629725381562757,0.0
DS order-1.5 block Gaussian,20,21,global-box,100,5000,96,time-budget,801.3413351140916,96,801.3413351140916,-309584.00772141095,-4306.307481268792,1.0,0.6799999999999999,0,0,13.08520018751977,0.5223559452953744,8.49739627328707,-0.0037395756500071004,4.5331191406685205,0.35515536992381236,1.5845891670282835,0.6330681878292125,-3.318066372524582,4.9491017533135695,1.6884352395615574,3.477030658562805,-1.461972422046601,-3.996557147500736,-4.2699590307675805,-10.0,-5.0321893874924095,-7.008599003732559,0.2649129100756628,0.2649129100756628,0.225485743731173,0.22041836695462735,0.024270069162873914,2.5714818348730875,-0.6494060359401429,2.139759795780718,-0.37395756500071003,1.5114102545757127,-1.035199923495475,1.5845891670282835,0.6330681878292125,-3.318066372524582,4.9491017533135695,1.6884352395615574,3.477030658562805,-1.461972422046601,-3.996557147500736,-4.2699590307675805,-10.0,-5.0321893874924095,-7.008599003732559,0.0,0.0,-0.1611441945080594,-0.1838737223014555,-2.3901572612865127
DS order-1.5 block Gaussian,20,22,global-box,100,5000,90,time-budget,802.7674512329977,93,802.7674512329977,-21061.16792286442,-4454.44353769487,1.0,0.5,0,21,25.006277131312398,0.15666038248831807,2.8086913345749576,-0.0028433264461333253,4.999999999999999,0.5,2.3258514571366478,6.786626404916214,-0.520547763349546,3.0530619933458665,5.019403987261863,8.0,-4.0306189733751445,-8.329826789908891,-6.998211747290556,-4.821711088165487,-7.217419717112912,-1.4094153539216094,0.1470138754399557,0.1261029214893546,0.0680011328820865,0.32944103509430167,0.32944103509430167,3.21912687860407,-1.8536749855273345,1.0327186576325906,-0.2843326446133325,1.6094379124341003,-0.6931471805599453,2.3258514571366478,6.786626404916214,-0.520547763349546,3.0530619933458665,5.019403987261863,8.0,-4.0306189733751445,-8.329826789908891,-6.998211747290556,-4.821711088165487,-7.217419717112912,-1.4094153539216094,-0.8068704121835814,-0.9602989745171712,-1.5778730201877753,0.0,0.0
DS order-1.5 block Gaussian,20,23,global-box,100,5000,4,non-finite-path-or-score,42.62552350200713,4,42.62552350200713,-8871.631802677788,-8546.544203581196,1.0,0.12,0,0,15.0414883636308,0.27108807686212183,18.51026371506186,-0.007015012860723556,2.0816100052132893,0.310258013919506,2.9043094477687785,1.6785904344688554,-2.390710131529653,6.647646317965981,7.998405224028586,2.5813828116306206,-7.31716087019889,-6.037314711177036,-2.014643253790144,-3.8416518868942013,-4.359543477967654,-2.9230337837347515,0.269586348888236,0.2774495922253275,0.003024278616028972,0.33124244890597565,0.11869733136443195,2.710812273973234,-1.3053115040344305,2.9183253736509536,-0.7015012860723556,0.7331416352659407,-1.1703510247088438,2.9043094477687785,1.6785904344688554,-2.390710131529653,6.647646317965981,7.998405224028586,2.5813828116306206,-7.31716087019889,-6.037314711177036,-2.014643253790144,-3.8416518868942013,-4.359543477967654,-2.9230337837347515,-0.20596183821643863,-0.1772113142373235,-4.6961779922817195,0.0,-1.0262737621089224
DS order-1.5 block Gaussian,20,24,global-box,100,5000,86,time-budget,803.7651424070355,91,803.7651424070355,-16758.32537569281,-4248.448659053551,1.0,0.55,0,35,19.51146447250127,0.5088477251409818,0.2,-0.01,4.19882030489452,0.5,3.566388663748795,4.723506660631969,1.264428624111404,2.213068670354929,4.5823436722575535,3.856632553022207,-8.164262564956848,-4.214981665847019,-10.0,-1.2220216738524563,-6.755353709954627,-1.7553171668157586,0.14931085807730332,0.07145714335429881,0.24673518590076435,0.19472395623225577,0.33777285643537763,2.9710022144781987,-0.6756064719428077,-1.6094379124341003,-1.0,1.4348036060481881,-0.6931471805599453,3.566388663748795,4.723506660631969,1.264428624111404,2.213068670354929,4.5823436722575535,3.856632553022207,-8.164262564956848,-4.214981665847019,-10.0,-1.2220216738524563,-6.755353709954627,-1.7553171668157586,-0.8163432187208328,-1.5532757708486176,-0.3140580075592526,-0.5507907006169522,0.0
DS order-1.5 block Gaussian,20,25,global-box,100,5000,94,time-budget,801.7447042579297,95,801.7447042579297,-34287.18029649368,-4144.1117511602615,1.0,0.6499999999999999,0,7,31.87361186386012,0.49361278056772456,2.9789309590709405,-0.01,4.999999999999999,0.5,-0.04887151701649719,6.462757676011713,-3.6110756039337426,5.0734194862716055,2.332692920996655,3.7836492290353805,-5.430407886831382,0.0,-4.681272140305605,-9.137700366639356,-0.9280374848308721,-2.2226828870141793,0.24292360525935178,0.0924272738006564,0.2793406919570831,0.10965720532194113,0.27565122366096745,3.4617784531611946,-0.7060039141659457,1.0915644975884418,-1.0,1.6094379124341003,-0.6931471805599453,-0.04887151701649719,6.462757676011713,-3.6110756039337426,5.0734194862716055,2.332692920996655,3.7836492290353805,-5.430407886831382,0.0,-4.681272140305605,-9.137700366639356,-0.9280374848308721,-2.2226828870141793,-0.13968514272524618,-1.1060100488927427,0.0,-0.9350729702734015,-0.013295770779297262
DS order-1.5 block Gaussian,20,26,global-box,100,5000,96,time-budget,801.2696505080676,96,801.2696505080676,-128473.59133228936,-4184.831814733869,1.0,0.61,0,0,26.96334257959217,0.35103348633007897,8.399604405386908,-0.001948309863658274,4.497543310910036,0.49601694558291043,2.397220139102401,4.327882430801591,0.3282929781329528,2.9692261585761432,3.053095540962833,4.186283480600215,-6.365986247900464,-10.0,-4.104121630637426,-4.408586625675614,-4.728499116379519,-7.813992161551873,0.2604236996313018,0.19116566400525403,0.14848375848392606,0.1866413672307905,0.21328551064872764,3.294478261281417,-1.046873657417017,2.128184610143486,-0.1948309863658274,1.5035313167928557,-0.701145188359128,2.397220139102401,4.327882430801591,0.3282929781329528,2.9692261585761432,3.053095540962833,4.186283480600215,-6.365986247900464,-10.0,-4.104121630637426,-4.408586625675614,-4.728499116379519,-7.813992161551873,0.0,-0.3091695156739068,-0.5618343368192741,-0.3331209654185231,-0.19967822488009918
DS order-1.5 block Gaussian,20,27,global-box,100,5000,80,time-budget,802.5652745000552,88,802.5652745000552,-11713.672041467811,-6084.665575997914,1.0,0.9,0,56,20.67252972434448,0.36712722812632165,14.837440868353408,-0.008109227648908451,2.8655468751134565,0.11843422645310815,3.1923897101464744,1.369034834988657,2.865409530374622,5.1865887356146025,0.5133175482641139,1.4279002794165585,-6.07464014813134,-1.365906911153285,-0.8610855292325219,-2.5505764934613593,-0.6445444818172916,-4.094599626138349,0.22717040238159703,0.1994850042279145,0.36215194927114036,0.0008290675859191707,0.21036357653342905,3.0288057524820338,-1.0020468203600221,2.697153774644166,-0.8109227648908451,1.0527592133171264,-2.1333975235334206,3.1923897101464744,1.369034834988657,2.865409530374622,5.1865887356146025,0.5133175482641139,1.4279002794165585,-6.07464014813134,-1.365906911153285,-0.8610855292325219,-2.5505764934613593,-0.6445444818172916,-4.094599626138349,-0.46636346597023426,-0.5963248063960569,0.0,-6.079517473249799,-0.5432265225814878
DS order-1.5 block Gaussian,20,28,global-box,100,5000,96,time-budget,801.7252387349727,96,801.7252387349727,-5917.29955548044,-3884.4239008895074,1.0000000000046718,0.52,0,0,15.949750425408205,0.11366796928234607,12.77333696665679,-0.0020197343082193537,1.771486485339854,0.2990270396993787,1.042169438146936,5.313336780486869,-3.419047626188534,3.61149743821536,3.4160418863239155,3.9209208377907947,-2.486587369058705,-0.6571511180863427,-7.540032776621622,-4.529616706406637,-9.562967762482442,-7.4885386684168544,0.1988573779474023,0.1985798820155532,0.2657397780923474,0.2670872163164083,0.0697357456282888,2.7694431817986027,-2.174473630470406,2.5473599488805005,-0.20197343082193536,0.5718190163582767,-1.2072212759031518,1.042169438146936,5.313336780486869,-3.419047626188534,3.61149743821536,3.4160418863239155,3.9209208377907947,-2.486587369058705,-0.6571511180863427,-7.540032776621622,-4.529616706406637,-9.562967762482442,-7.4885386684168544,-0.29498738388614176,-0.2963838104666201,-0.0050577058239612074,0.0,-1.342862221867033
DS order-1.5 block Gaussian,20,29,global-box,100,5000,96,time-budget,801.3481111829169,96,801.3481111829169,-30922.67373930919,-4161.423754397982,1.0,0.86,0,0,14.99519046694695,0.592356169100715,9.247553505208419,-0.0032693953253410527,4.079507141905056,0.39920616207052617,1.6100315390355238,3.769094987209766,-0.3258639005719176,2.1670487089841357,2.720809969799501,4.044992761979798,-3.446495667041013,-2.7614686190486117,-10.0,-3.0751487397235073,-7.914832115363867,-7.412165073294831,0.2958004914083022,0.22359613221045402,0.3165217149028965,0.09853350361584076,0.06554815786250659,2.707729514150776,-0.5236471880146588,2.2243590306183494,-0.3269395325341053,1.4059761825666552,-0.9182772986155505,1.6100315390355238,3.769094987209766,-0.3258639005719176,2.1670487089841357,2.720809969799501,4.044992761979798,-3.446495667041013,-2.7614686190486117,-10.0,-3.0751487397235073,-7.914832115363867,-7.412165073294831,-0.06770663715753909,-0.34755040539375315,0.0,-1.1669952201424976,-1.5746067416877476
DS order-1.5 block Gaussian,20,30,global-box,100,5000,83,non-finite-path-or-score,711.1096774140606,84,711.1096774140606,-48117.08222434959,-5287.165030526585,1.0,0.56,0,7,20.559504474769614,0.15181250559079962,10.257732893943015,-0.006699170850644242,4.999999999999999,0.5,3.5073634058388787,2.855542476563175,0.6774301488799062,2.209037412107308,7.066445746352274,7.150000176315171,-0.620754878587024,-6.223736987619735,-6.526743524457075,-7.954963506471507,-0.23307281979862599,-5.02920034398382,0.20608641888430257,0.2690665846241501,0.31170290744457335,0.08629992445487823,0.12684416459209558,3.023323338874809,-1.885109035392742,2.3280318498235197,-0.6699170850644242,1.6094379124341003,-0.6931471805599453,3.5073634058388787,2.855542476563175,0.6774301488799062,2.209037412107308,7.066445746352274,7.150000176315171,-0.620754878587024,-6.223736987619735,-6.526743524457075,-7.954963506471507,-0.23307281979862599,-5.02920034398382,-0.4137549244640189,-0.1470916389752966,0.0,-1.2842217917203445,-0.8990912318715037
DS order-1.5 block Gaussian,20,31,global-box,100,5000,97,time-budget,807.6756035910221,97,807.6756035910221,-19408.165071038533,-3947.1533232221145,1.0,0.55,0,0,24.289982909203612,0.08065146139666,8.990889361532748,-0.004658313737002705,3.0567974734733814,0.4506097613630756,-0.12849335237832918,5.359727249773121,0.22350967585491072,3.3366187076589284,3.715021774958009,4.4788367665331315,0.0,-2.3531562979576597,-3.696260550556919,-3.9891375605024617,-8.814725218222843,-4.8634067114335275,0.2738635175842733,0.2789061574365583,0.05233611202190627,0.1685349858320581,0.2263592271252041,3.190064039399326,-2.5176183543437185,2.1962117714584264,-0.4658313737002705,1.1173677906235764,-0.7971535881847325,-0.12849335237832918,5.359727249773121,0.22350967585491072,3.3366187076589284,3.715021774958009,4.4788367665331315,0.0,-2.3531562979576597,-3.696260550556919,-3.9891375605024617,-8.814725218222843,-4.8634067114335275,-0.018245500684661638,0.0,-1.6731887607372808,-0.5037320126770682,-0.20875213406061344
DS order-1.5 block Gaussian,20,32,global-box,100,5000,92,time-budget,802.2029202849371,94,802.2029202849371,-8217.744391347007,-4007.3283631582376,1.0,0.88,0,14,17.45083952463616,0.4536877283942788,18.640955913516812,-0.008586987794734489,2.360894759244708,0.5,0.05444552752019778,4.508517299311,-1.8551625148064024,3.0812608156087835,3.2990204301447337,3.420419055381995,-2.61928303030562,-1.9228238944069946,-4.121033261559265,-8.600394515707729,-2.9115552094290353,-9.377452646556542,0.276468039502739,0.276468039502739,0.0520485989326269,0.11854728255915624,0.276468039502739,2.859387757785509,-0.7903461405195903,2.9253610908565135,-0.858698779473449,0.8590406824570833,-0.6931471805599453,0.05444552752019778,4.508517299311,-1.8551625148064024,3.0812608156087835,3.2990204301447337,3.420419055381995,-2.61928303030562,-1.9228238944069946,-4.121033261559265,-8.600394515707729,-2.9115552094290353,-9.377452646556542,0.0,0.0,-1.6699173478017755,-0.8467833348492443,0.0
DS order-1.5 block Gaussian,20,33,global-box,100,5000,96,time-budget,801.3632931810571,96,801.3632931810571,-23855.617313378443,-4150.544043893933,1.0,0.74,0,0,16.292870623496395,0.5566032354124858,13.462983818109894,-0.005744904719550201,3.3589139431477277,0.5,-2.902473855665958,5.88234258624178,-1.3500676450113476,2.917224113813038,4.345174697638088,1.6914708067214506,-0.824126360860685,-6.6830580510448305,-3.6576577735148263,-10.0,-8.03160662941649,-4.554075270213178,0.10287960628186289,0.028945120468128378,0.39656005213626083,0.41790255551408395,0.053712665599663964,2.790727627070399,-0.5859026170928575,2.599943980043608,-0.5744904719550201,1.2116176905186136,-0.6931471805599453,-2.902473855665958,5.88234258624178,-1.3500676450113476,2.917224113813038,4.345174697638088,1.6914708067214506,-0.824126360860685,-6.6830580510448305,-3.6576577735148263,-10.0,-8.03160662941649,-4.554075270213178,-1.401688851050979,-2.6698466450790956,-0.05242079938456503,0.0,-2.051599452396856
DS order-1.5 block Gaussian,20,34,global-box,100,5000,92,time-budget,802.4047327350127,94,802.4047327350127,-10555.320618495745,-4223.864650088264,1.0,0.53,0,14,10.57366321691516,0.2939650450038505,4.954345259864216,-0.01,4.035036841471443,0.5,0.3970734123612097,3.6662818777582027,-4.0,0.7625226241971712,5.607990030244184,2.891648216669647,-3.596367553840685,-0.8502615818535176,-6.1232363283621885,-6.8292034588655035,-9.19091265486225,-4.22475307828786,0.30996894324267077,0.17052494598997364,0.16535186811898392,0.09290774032547355,0.2612465023228981,2.3583663071939807,-1.2242944132566982,1.6002650217885348,-1.0,1.3950154321564234,-0.6931471805599453,0.3970734123612097,3.6662818777582027,-4.0,0.7625226241971712,5.607990030244184,2.891648216669647,-3.596367553840685,-0.8502615818535176,-6.1232363283621885,-6.8292034588655035,-9.19091265486225,-4.22475307828786,0.0,-0.5975905125595465,-0.6283963720405427,-1.2048651481270276,-0.1710076944206855
DS order-1.5 block Gaussian,20,35,global-box,100,5000,84,time-budget,804.3007990650367,90,804.3007990650367,-4793.381027296157,-4317.228515900837,1.0000004242049318,0.48,0,42,31.439150112013692,0.17608521550000436,4.554442494184087,-0.002841744220232702,4.999999999999999,0.5,1.7591884081670508,6.740156183786754,-2.444803208109547,1.5235826734458846,2.8941757449526615,8.0,-3.1466260841782607,-5.487685163519006,-1.981210603834222,-4.854556150195978,-2.2296272931972254,-0.18788574418146547,0.150186539613513,0.1252450214239385,0.11734376270474642,0.301530297385993,0.30569437887180906,3.448053935135,-1.7367872221435072,1.5161031289695615,-0.2841744220232702,1.6094379124341003,-0.6931471805599453,1.7591884081670508,6.740156183786754,-2.444803208109547,1.5235826734458846,2.8941757449526615,8.0,-3.1466260841782607,-5.487685163519006,-1.981210603834222,-4.854556150195978,-2.2296272931972254,-0.18788574418146547,-0.7107077221076872,-0.8923138509358927,-0.9574780713325991,-0.013715341039572719,0.0
DS order-1.5 block Gaussian,20,36,global-box,100,5000,96,time-budget,800.0236786659807,96,800.0236786659807,-50788.29012923312,-4195.981486353798,1.0,0.6599999999999999,0,0,11.31886917923186,0.6,30.000000000000004,-0.0036990956884363794,3.7868534545215398,0.40444133777451385,0.796760820875121,4.765184922696715,-0.9562264029129651,2.124956533789585,4.00878645076632,2.432393304370412,-5.994107903141832,-7.441558976068767,-5.433638356356759,-8.8675659172091,-6.186124571267913,-2.9083114522769744,0.16801374756367934,0.07362362847022151,0.19890240312354987,0.5223018716871362,0.03715834915541305,2.4264711719575422,-0.5108256237659907,3.4011973816621555,-0.36990956884363796,1.3315354511868964,-0.9052485770438231,0.796760820875121,4.765184922696715,-0.9562264029129651,2.124956533789585,4.00878645076632,2.432393304370412,-5.994107903141832,-7.441558976068767,-5.433638356356759,-8.8675659172091,-6.186124571267913,-2.9083114522769744,-1.134199912192369,-1.9592797057734492,-0.9654314511277938,0.0,-2.6430572313368703
DS order-1.5 block Gaussian,20,37,global-box,100,5000,96,time-budget,801.4877381400438,96,801.4877381400438,-56746.033463527536,-4074.5840093577262,1.0,0.7,0,0,10.742328332370754,0.13505470793565186,14.790423988108481,-0.004199081289923675,3.6050383090917255,0.3976801874622309,1.0633090229965179,3.1900529688749497,1.0145856425408986,2.1104421440036325,4.083862803108795,1.9186263411527145,-5.582664041285517,0.0,-4.196295905619282,-8.954671763753383,-5.360354012755603,0.0,0.0544770773948612,0.09745850691002418,0.5084576378850668,0.2996289430690603,0.03997783474098748,2.3741918563085394,-2.002075338665076,2.693979943526719,-0.4199081289923675,1.282332397335575,-0.9221071458061939,1.0633090229965179,3.1900529688749497,1.0145856425408986,2.1104421440036325,4.083862803108795,1.9186263411527145,-5.582664041285517,0.0,-4.196295905619282,-8.954671763753383,-5.360354012755603,0.0,-2.2336018890908287,-1.6519551867548166,0.0,-0.5288370513428348,-2.5430567349733058
DS order-1.5 block Gaussian,20,38,global-box,100,5000,90,time-budget,802.9592398059322,93,802.9592398059322,-7624.075669702405,-4249.491835283652,1.0000000003240928,0.59,0,21,13.635106178160491,0.25003887281078585,30.000000000000004,-0.008982587876114626,3.107928674072149,0.5,-0.30614646913907917,4.703923696155455,-3.3740036758987477,4.77819847814118,0.27520466351603123,4.078943999110043,-3.8022047276283715,-2.476334623272233,-3.453476805759747,-6.148198840959114,-3.7013325160561434,0.0,0.24319975090296098,0.0779636256110272,0.24319975090296098,0.1924371216800898,0.24319975090296098,2.6126478034443856,-1.3861388819642575,3.4011973816621555,-0.8982587876114625,1.1339564831018303,-0.6931471805599453,-0.30614646913907917,4.703923696155455,-3.3740036758987477,4.77819847814118,0.27520466351603123,4.078943999110043,-3.8022047276283715,-2.476334623272233,-3.453476805759747,-6.148198840959114,-3.7013325160561434,0.0,0.0,-1.1376407462438978,0.0,-0.23411366609753315,0.0
DS order-1.5 block Gaussian,20,39,global-box,100,5000,96,time-budget,801.3697511729551,96,801.3697511729551,-34482.74861012399,-4116.5459896328875,1.0,0.6599999999999999,0,0,12.637510340867149,0.3414913028005966,26.11120022912752,-0.0055119686317050675,2.2818559931281244,0.4742217425587837,2.4682419008351606,3.929910387038195,0.6636404278341552,0.637162668805419,4.893539482184088,1.5900170451570297,-6.135856927396121,-5.323323193481927,-9.976219019349747,-4.576714133080733,-5.855275101907523,-0.4382104331719116,0.00043677150942561543,0.14904154292513636,0.2723202661579876,0.39352432507268437,0.184677094334766,2.5366694026146743,-1.0744330679366039,3.2623643498325308,-0.5511968631705068,0.8249891438956756,-0.746080255371204,2.4682419008351606,3.929910387038195,0.6636404278341552,0.637162668805419,4.893539482184088,1.5900170451570297,-6.135856927396121,-5.323323193481927,-9.976219019349747,-4.576714133080733,-5.855275101907523,-0.4382104331719116,-6.803487965510935,-0.9709178044954183,-0.3681640604015535,0.0,-0.7565340191565216
DS order-1.5 block Gaussian,20,40,global-box,100,5000,94,time-budget,804.6811685360735,95,804.6811685360735,-339661.9556204481,-3962.781070385746,1.0,0.79,0,10,19.99334360122342,0.4334404466318495,14.159322401523486,-0.0015525380491401217,3.3747247653089976,0.1524975832554786,0.4117964268096728,5.839584373034524,-3.053096126485437,4.078863277597941,3.1187423988705594,4.31747916154851,-2.361178449913243,-3.0721887493875797,-8.600394305066787,-5.246240291778258,-8.793449108606449,-7.957004681775579,0.3670416805246189,0.033021471335694275,0.044330355446192356,0.07354224805313174,0.48206424464036285,2.9953993982183142,-0.8360008702106451,2.6503732341208286,-0.15525380491401217,1.2163137699794717,-1.8806065305653021,0.4117964268096728,5.839584373034524,-3.053096126485437,4.078863277597941,3.1187423988705594,4.31747916154851,-2.361178449913243,-3.0721887493875797,-8.600394305066787,-5.246240291778258,-8.793449108606449,-7.957004681775579,-0.2726019802865496,-2.680919396380217,-2.386407725893226,-1.8802173482776618,0.0
DS order-1.5 block Gaussian,20,41,global-box,100,5000,92,time-budget,802.3550698269391,94,802.3550698269391,-470795.1307322835,-4122.005646230628,1.0,0.83,0,14,18.90394524470376,0.37910652810529055,13.75854002064022,-0.0067216003658401,4.476785838008442,0.30407501958268107,2.2519615161033126,3.869333607250945,-1.7096973394122006,1.4207201532316025,4.783321420774027,1.7413408923134834,-4.052512167711171,-3.5200684415067185,-6.210747850005891,-7.169651241443961,-5.003707351291295,-8.378819915905215,0.18434542500988998,0.2554786422615577,0.09883729808292784,0.2048776007244767,0.2564610339211477,2.939370643387805,-0.9699380365994306,2.6216597237247132,-0.67216003658401,1.4989053420656069,-1.1904808330768133,2.2519615161033126,3.869333607250945,-1.7096973394122006,1.4207201532316025,4.783321420774027,1.7413408923134834,-4.052512167711171,-3.5200684415067185,-6.210747850005891,-7.169651241443961,-5.003707351291295,-8.378819915905215,-0.33016543103167745,-0.003837924314728307,-0.9535016940579104,-0.22456400734855472,0.0
DS order-1.5 block Gaussian,20,42,global-box,100,5000,88,time-budget,803.378848399967,92,803.378848399967,-9183.529190275185,-4250.986137201957,1.0,0.53,0,28,12.383927552115106,0.17374349317302648,1.516951899538343,-0.00527681978374489,4.902491499825677,0.4935148515759895,-2.482654831521167,7.071703492444478,-2.1862326372588647,0.36406471198659507,1.9680522254224009,4.215072697764064,-4.659951716988352,-4.744219855271436,-8.92806533462325,-2.600475729654741,-2.5375992279154653,-1.7154381987618914,0.17898502300979657,0.25322551823001155,0.17737596466077346,0.18791008036016416,0.20250341373925432,2.516399466710355,-1.7501752446023568,0.41670299224230245,-0.5276819783744889,1.5897435452420223,-0.7062023261825228,-2.482654831521167,7.071703492444478,-2.1862326372588647,0.36406471198659507,1.9680522254224009,4.215072697764064,-4.659951716988352,-4.744219855271436,-8.92806533462325,-2.600475729654741,-2.5375992279154653,-1.7154381987618914,-0.3469783360868405,0.0,-0.3560088940867481,-0.298316915637327,-0.22352372371457951
DS order-1.5 block Gaussian,20,43,global-box,100,5000,96,time-budget,802.6220755040413,96,802.6220755040413,-7483.684964607733,-4091.8756504228877,1.0,0.77,0,1,12.287971786096106,0.4003335762246905,0.35347964097186213,-0.01,4.288620016067901,0.3561490849925527,-1.075912363701534,5.530463543825036,-1.153822489887757,1.1495785714558344,4.019808601166913,4.0056530163793544,-5.546897003796751,-0.7673197841690121,-6.832007498898434,-2.847924743502863,-9.866297098175131,-3.1989791181293166,0.23799451156360713,0.31318880081383654,0.014355099702079835,0.1753003875549022,0.25916120036557433,2.5086208803493038,-0.9154571388476567,-1.039929388028611,-1.0,1.4559650066153145,-1.0324058577242003,-1.075912363701534,5.530463543825036,-1.153822489887757,1.1495785714558344,4.019808601166913,4.0056530163793544,-5.546897003796751,-0.7673197841690121,-6.832007498898434,-2.847924743502863,-9.866297098175131,-3.1989791181293166,-0.27455859342950734,0.0,-3.0827009471689535,-0.580305203443741,-0.1893559428521368
DS order-1.5 block Gaussian,20,44,global-box,100,5000,90,time-budget,802.7704616669798,93,802.7704616669798,-5954.4415364637025,-4219.611178835591,1.00000000745203,0.52,0,21,18.35221828168465,0.07186826213263768,1.4168853999115605,-0.01,4.999999999999999,0.5,2.219058101164424,7.646482406043406,-2.665093882557019,5.223174323869339,2.252922052032195,5.095705859607399,-4.0956655467509755,-7.958227564014463,-4.4599121508384085,-2.540857119563676,-0.6175535122717728,0.0,0.18554173365759166,0.19733739972106276,0.3177093416390541,0.04000750608175476,0.2594040189005366,2.909750454479567,-2.6329205285004513,0.34846108228734435,-1.0,1.6094379124341003,-0.6931471805599453,2.219058101164424,7.646482406043406,-2.665093882557019,5.223174323869339,2.252922052032195,5.095705859607399,-4.0956655467509755,-7.958227564014463,-4.4599121508384085,-2.540857119563676,-0.6175535122717728,0.0,-0.537857108776557,-0.47622199210805505,0.0,-2.072069856252848,-0.2027501799809053
DS order-1.5 block Gaussian,20,45,global-box,100,5000,96,time-budget,801.4779356200015,96,801.4779356200015,-6447.0554174664885,-4167.3028710877525,1.0,0.6799999999999999,0,0,27.947814898375263,0.12530551955909167,20.918343830270082,-0.0030091510726636132,3.531749712943662,0.35929660501012883,1.1106971512131902,4.907889333195082,1.0768996053172852,2.8204490858353832,3.930972638695519,4.2590821875664115,-1.8450686297647823,-0.0622308575717209,-8.846752073008851,-2.593913946988176,-6.007176877788871,-4.932410546093878,0.28611565135728284,0.19731765315400918,0.1382753296781273,0.09217571445329775,0.28611565135728284,3.330339017595968,-2.077000367299389,3.040626469249771,-0.30091510726636134,1.2617934175308514,-1.0236070338075867,1.1106971512131902,4.907889333195082,1.0768996053172852,2.8204490858353832,3.930972638695519,4.2590821875664115,-1.8450686297647823,-0.0622308575717209,-8.846752073008851,-2.593913946988176,-6.007176877788871,-4.932410546093878,0.0,-0.3715812217667229,-0.727149264358608,-1.1326994093142468,0.0
DS order-1.5 block Gaussian,20,46,global-box,100,5000,90,time-budget,802.6218148439657,93,802.6218148439657,-6060.073287562648,-3972.4664518339578,1.0000000173734238,0.89,0,21,16.34461774173024,0.21558639631384607,12.518065105635143,-0.007025716951404004,2.670712905106157,0.40734341622640274,1.1229644396776517,5.600509529921761,-3.193550700025271,0.4254011701231504,5.092431232605782,2.0176126456231445,-3.818076842072926,-4.37518099808249,-7.418226004703644,-3.7157133887096925,-6.975167052710583,-0.37934623351138025,0.1710628463280489,0.09764842615991257,0.32440198677758986,0.2447217341390987,0.16216500659535005,2.7938986530400625,-1.534393538812541,2.527172809450412,-0.7025716951404004,0.982345442430228,-0.898098674805093,1.1229644396776517,5.600509529921761,-3.193550700025271,0.4254011701231504,5.092431232605782,2.0176126456231445,-3.818076842072926,-4.37518099808249,-7.418226004703644,-3.7157133887096925,-6.975167052710583,-0.37934623351138025,-0.6399524353219279,-1.2006099066522173,0.0,-0.28186166065618423,-0.6933690706075722
DS order-1.5 block Gaussian,20,47,global-box,100,5000,90,time-budget,802.7181813300122,93,802.7181813300122,-7501.256455248187,-4005.9430475498334,1.0,0.69,0,21,19.517233505267125,0.46044395338531935,9.491646212756988,-0.006145630487065017,2.7590990070101733,0.279766195858831,0.6202752103342319,4.812715909418603,-0.4132077813013935,1.6803017393452269,4.152373196141202,3.400718661560502,-2.07393056011135,-3.0125002744940517,-8.503233366911633,-4.241744117345284,-6.447365813043021,-4.99923524060416,0.2500843070295183,0.2532281030744683,0.09759318259034028,0.1304509817342396,0.26864342557143345,2.9712978447762506,-0.7755641388690188,2.250412065729398,-0.6145630487065017,1.0149041796982796,-1.2738010394218193,0.6202752103342319,4.812715909418603,-0.4132077813013935,1.6803017393452269,4.152373196141202,3.400718661560502,-2.07393056011135,-3.0125002744940517,-8.503233366911633,-4.241744117345284,-6.447365813043021,-4.99923524060416,-0.07158685564777459,-0.05909426906323891,-1.0125773043088948,-0.7223874074738876,0.0
DS order-1.5 block Gaussian,20,48,global-box,100,5000,96,time-budget,801.3362377560697,96,801.3362377560697,-128939.24364089774,-4643.29002808258,1.0,0.61,0,0,10.000000000000002,0.5786274011706815,20.783602236904336,-0.0012363820010625613,4.999999999999999,0.5,-0.567722987252261,0.6084691031162334,-0.7106043768091724,2.467909540491578,3.239105631050172,6.3636627536531405,-2.9047215649217204,-1.229611370866004,-5.925483108263405,-4.953722715006046,-7.232970857206271,-2.454976560998909,0.20291204942807345,0.17484805905596967,0.23192311115350833,0.26534334930543646,0.12497343105701207,2.302585092994046,-0.5470965298520041,3.03416432179786,-0.12363820010625613,1.6094379124341003,-0.6931471805599453,-0.567722987252261,0.6084691031162334,-0.7106043768091724,2.467909540491578,3.239105631050172,6.3636627536531405,-2.9047215649217204,-1.229611370866004,-5.925483108263405,-4.953722715006046,-7.232970857206271,-2.454976560998909,-0.26825201399115584,-0.41710728227818356,-0.13461874580875294,0.0,-0.7529234819362742
DS order-1.5 block Gaussian,20,49,global-box,100,5000,94,time-budget,802.1715297690826,95,802.1715297690826,-5497.523386600871,-4037.4337206418095,1.00000000018375,0.63,0,8,19.21217653342387,0.3771075771407526,15.214759484763624,-0.003911236732660029,2.6385383221155667,0.37706211604334083,0.06107802766886894,5.4214946238969866,-2.149087542541082,2.525278040748194,3.9367670002832127,3.58778591319348,-3.858631269798486,-1.1021202230882954,-8.239377916171792,-7.263906559333363,-3.810509076381931,-8.601938239220079,0.20504203971823232,0.18896985047687442,0.18342938066109837,0.19413029711862,0.22842843202517493,2.9555442724665806,-0.9752247817328636,2.72226597545295,-0.39112367326600295,0.9702250979633658,-0.9753453410655382,0.06107802766886894,5.4214946238969866,-2.149087542541082,2.525278040748194,3.9367670002832127,3.58778591319348,-3.858631269798486,-1.1021202230882954,-8.239377916171792,-7.263906559333363,-3.810509076381931,-8.601938239220079,-0.10800792359685865,-0.1896354724587855,-0.21939320661850653,-0.16269338525738583,0.0
