method,inference_nstep,evaluation_nstep,start,iteration,elapsed_seconds,pseudo_loglik,euler20_loglik,euler20_se,eval_particles,eval_replicates,evaluation_seed,evaluation_status
DS order-1.5 block Gaussian,20,20,0,0,4.915796890971251,-6230.759840064467,-6206.219004616724,0.7869880439739771,1000,4,32631470,ok
DS order-1.5 block Gaussian,20,20,0,34,101.34312823601067,-4172.210779844914,-4060.768528585059,0.3381207327230978,1000,4,32631504,ok
DS order-1.5 block Gaussian,20,20,0,69,200.47563533799257,-4054.5192105490746,-3919.764644474347,1.2598930159286228,1000,4,32631539,ok
DS order-1.5 block Gaussian,20,20,0,104,300.54795425297925,-4249.553272135804,-4236.9555352452935,2.0784071118387524,1000,4,32631574,ok
DS order-1.5 block Gaussian,20,20,0,139,400.1859611920081,-3969.326947390466,-3899.7774995066416,2.4238168794678145,1000,4,32631609,ok
DS order-1.5 block Gaussian,20,20,0,174,501.070271286997,-4057.4483868063326,-4082.9376477041496,1.981224880858773,1000,4,32631644,ok
DS order-1.5 block Gaussian,20,20,0,209,601.7462786209653,-4599.229450591022,-4119.105142592912,6.314787812464592,1000,4,32631679,ok
DS order-1.5 block Gaussian,20,20,0,244,701.2496760909562,-4134.82465734936,-4197.501701887537,0.6931579791485153,1000,4,32631714,ok
DS order-1.5 block Gaussian,20,20,0,279,801.7474796659662,-4094.1983224803007,-3975.0161355474943,1.9347767195789027,1000,4,32631749,ok
DS order-1.5 block Gaussian,20,20,1,0,4.721221182029694,-7067.826802240939,-5868.519129697149,15.030838741211028,1000,4,32632467,ok
DS order-1.5 block Gaussian,20,20,1,34,101.35664772201562,-4257.764172728483,-4073.348552734159,0.7831751708321943,1000,4,32632501,ok
DS order-1.5 block Gaussian,20,20,1,69,200.75773312401725,-4035.133286105057,-3965.721737884222,1.3882349264428406,1000,4,32632536,ok
DS order-1.5 block Gaussian,20,20,1,104,300.99092924798606,-3961.4858381846425,-3943.015138127927,1.5414154695168938,1000,4,32632571,ok
DS order-1.5 block Gaussian,20,20,1,139,401.2231027110247,-3973.922885436986,-3939.644463369464,0.25451456469285466,1000,4,32632606,ok
DS order-1.5 block Gaussian,20,20,1,174,502.1888968470157,-3946.455157211234,-3922.6109274960054,0.34167381031187294,1000,4,32632641,ok
DS order-1.5 block Gaussian,20,20,1,208,601.0038819499896,-3970.4375203937448,-3924.1448969759235,1.5588826177282125,1000,4,32632675,ok
DS order-1.5 block Gaussian,20,20,1,243,701.0511428170139,-3933.605339011122,-3897.587898249931,0.5883855608563185,1000,4,32632710,ok
DS order-1.5 block Gaussian,20,20,1,278,802.5458249769872,-3996.903459336508,-3924.374917319136,0.919417076711554,1000,4,32632745,ok
DS order-1.5 block Gaussian,20,20,2,0,4.925279761024285,-11117.27720992671,-9253.161866096403,68.83135341160185,1000,4,32633464,ok
DS order-1.5 block Gaussian,20,20,2,34,101.25214255403262,-5720.497169514281,-4825.664444178852,10.091224079454655,1000,4,32633498,ok
DS order-1.5 block Gaussian,20,20,2,69,200.31995657202788,-4850.825736361594,-4529.073518512742,14.675088606491272,1000,4,32633533,ok
DS order-1.5 block Gaussian,20,20,2,104,301.1520134630264,-4571.845010186656,-4391.162374107165,1.1913916765902983,1000,4,32633568,ok
DS order-1.5 block Gaussian,20,20,2,139,401.47615971200867,-4453.247327783249,-4321.805214741495,1.6202561367519968,1000,4,32633603,ok
DS order-1.5 block Gaussian,20,20,2,174,502.3520157680032,-4563.509370317305,-4302.336272944913,5.967308168436589,1000,4,32633638,ok
DS order-1.5 block Gaussian,20,20,2,208,601.0197249770281,-4553.621041015154,-4295.750759520515,1.8852176307471682,1000,4,32633672,ok
DS order-1.5 block Gaussian,20,20,2,243,701.348914459988,-4519.258178027712,-4273.822807895219,1.233179660033019,1000,4,32633707,ok
DS order-1.5 block Gaussian,20,20,2,278,802.6822409920278,-4438.252353536706,-4227.001637898484,2.8520045328625363,1000,4,32633742,ok
DS order-1.5 block Gaussian,20,20,3,0,4.831132527964655,-7266.533970929151,-7224.613151779754,6.105903184213326,1000,4,32634461,ok
DS order-1.5 block Gaussian,20,20,3,34,101.25661538698478,-4642.656783825683,-4221.253216949772,0.9733300760355651,1000,4,32634495,ok
DS order-1.5 block Gaussian,20,20,3,69,200.37040188198444,-4252.6639235250805,-4129.414462593403,1.2219519692870209,1000,4,32634530,ok
DS order-1.5 block Gaussian,20,20,3,104,300.00976579100825,-4080.7406486472723,-4024.586011488197,0.23545793910233337,1000,4,32634565,ok
DS order-1.5 block Gaussian,20,20,3,139,400.0152709109825,-4054.480440476096,-4013.729355029792,1.3931071146429101,1000,4,32634600,ok
DS order-1.5 block Gaussian,20,20,3,174,500.4908388929907,-4028.1960192155243,-3979.3598682940574,1.077071519613175,1000,4,32634635,ok
DS order-1.5 block Gaussian,20,20,3,209,601.2931644269847,-3986.6644081864015,-3961.8958233281514,0.8205211037104451,1000,4,32634670,ok
DS order-1.5 block Gaussian,20,20,3,244,700.9017605779809,-3983.515780888538,-3953.549427281788,1.8993290874869417,1000,4,32634705,ok
DS order-1.5 block Gaussian,20,20,3,279,801.0607318339753,-3999.00173295236,-3976.7376793591507,0.44021886974528823,1000,4,32634740,ok
DS order-1.5 block Gaussian,20,20,4,0,5.051994236011524,-11169.302756751138,-9306.514674354072,163.5399660537696,1000,4,32635458,ok
DS order-1.5 block Gaussian,20,20,4,34,101.33567608101293,-4794.641081683674,-4733.565439489985,0.45071449961648685,1000,4,32635492,ok
DS order-1.5 block Gaussian,20,20,4,69,200.45880075503374,-4823.379661598994,-4784.941447467845,0.711754368764857,1000,4,32635527,ok
DS order-1.5 block Gaussian,20,20,4,104,300.8319729520008,-4193.971971280444,-4038.3406921631904,0.600159198681767,1000,4,32635562,ok
DS order-1.5 block Gaussian,20,20,4,139,400.9510808690102,-4045.7665066643726,-3983.2452042832183,0.584541774993357,1000,4,32635597,ok
DS order-1.5 block Gaussian,20,20,4,174,501.34804501000326,-4015.9513214952112,-3958.3233647439024,1.3576751913712186,1000,4,32635632,ok
DS order-1.5 block Gaussian,20,20,4,209,602.2465194890392,-4024.959960358425,-3947.294626991507,0.3074623993903622,1000,4,32635667,ok
DS order-1.5 block Gaussian,20,20,4,244,702.5030940280412,-3985.2057578242666,-3933.693890432283,0.36162891382938,1000,4,32635702,ok
DS order-1.5 block Gaussian,20,20,4,278,801.1373468320235,-3984.92691011892,-3927.16896391868,0.36900416722349116,1000,4,32635736,ok
DS order-1.5 block Gaussian,20,20,5,0,4.93033858796116,-13512.656800152388,-13533.23900804097,0.8282186494414457,1000,4,32636455,ok
DS order-1.5 block Gaussian,20,20,5,34,101.2954268080066,-9857.362332166946,-9041.309761691406,8.950985896753828,1000,4,32636489,ok
DS order-1.5 block Gaussian,20,20,5,69,200.14159687998472,-8257.376493949421,-7387.181691673888,4.62888631661731,1000,4,32636524,ok
DS order-1.5 block Gaussian,20,20,5,104,300.2378148509888,-5340.80379508044,-5258.607596904651,5.826839498904778,1000,4,32636559,ok
DS order-1.5 block Gaussian,20,20,5,140,402.4639955179882,-4979.150756657087,-4924.165169238704,0.8176673353942687,1000,4,32636595,ok
DS order-1.5 block Gaussian,20,20,5,175,502.70639599795686,-4871.940285214065,-4843.9177517499365,7.248960503161528,1000,4,32636630,ok
DS order-1.5 block Gaussian,20,20,5,210,602.6625509290025,-4768.19123957821,-4737.935973030435,1.0775588004596144,1000,4,32636665,ok
DS order-1.5 block Gaussian,20,20,5,245,702.0476080419612,-4671.579313882856,-4652.8748157056925,1.2728833172271705,1000,4,32636700,ok
DS order-1.5 block Gaussian,20,20,5,280,802.1550016939873,-4660.879905791247,-4641.054744966864,1.0228297016846888,1000,4,32636735,ok
DS order-1.5 block Gaussian,20,20,6,0,4.868765122024342,-14084.164737426423,-12113.79851457438,207.23590995573295,1000,4,32637452,ok
DS order-1.5 block Gaussian,20,20,6,34,101.00212425098289,-4545.2884565668965,-4180.172027201177,8.833152671437029,1000,4,32637486,ok
DS order-1.5 block Gaussian,20,20,6,70,202.43158412299817,-4359.133103968916,-4193.10755374639,1.1222583883766097,1000,4,32637522,ok
DS order-1.5 block Gaussian,20,20,6,105,302.29840006900486,-4164.504457789434,-4081.47036422923,3.1580293907810892,1000,4,32637557,ok
DS order-1.5 block Gaussian,20,20,6,140,401.47035156097263,-4305.132205628672,-4172.120328379794,3.306777704525647,1000,4,32637592,ok
DS order-1.5 block Gaussian,20,20,6,175,501.95172793400707,-4243.605277757877,-4138.208094324294,0.9387324685387874,1000,4,32637627,ok
DS order-1.5 block Gaussian,20,20,6,210,602.1683590480243,-4181.362554810951,-4100.471540983588,2.805076387727872,1000,4,32637662,ok
DS order-1.5 block Gaussian,20,20,6,245,701.1865718240151,-4120.800825342892,-4061.5583194960077,0.9432097794348062,1000,4,32637697,ok
DS order-1.5 block Gaussian,20,20,6,280,801.5980412299978,-4155.013415566238,-4068.993994817755,1.6329085409900779,1000,4,32637732,ok
DS order-1.5 block Gaussian,20,20,7,0,4.593168937950395,-6751.0948996177885,-6825.315057473002,5.977522596629806,1000,4,32638449,ok
DS order-1.5 block Gaussian,20,20,7,34,100.91100297495723,-4443.1826921656775,-4303.592414091269,1.5989732924229687,1000,4,32638483,ok
DS order-1.5 block Gaussian,20,20,7,70,202.30970617796993,-4071.939335770246,-4043.755128751857,1.9888140108484151,1000,4,32638519,ok
DS order-1.5 block Gaussian,20,20,7,104,300.0003106999793,-4163.153493755692,-4063.5164759102236,1.8799671875704251,1000,4,32638553,ok
DS order-1.5 block Gaussian,20,20,7,140,402.18291635398054,-4046.469599845511,-3992.2034461255425,3.063553536008431,1000,4,32638589,ok
DS order-1.5 block Gaussian,20,20,7,175,502.53636024100706,-4025.6816256806806,-3973.5169265632007,3.3133845033984732,1000,4,32638624,ok
DS order-1.5 block Gaussian,20,20,7,209,600.032700724958,-3959.871449045282,-3937.867275345418,2.1869600189042213,1000,4,32638658,ok
DS order-1.5 block Gaussian,20,20,7,245,701.9050631129649,-3956.3900468156908,-3931.6908627577704,1.0617314840883918,1000,4,32638694,ok
DS order-1.5 block Gaussian,20,20,7,280,802.6772437070031,-3967.7949330030087,-3957.84463722499,3.542470026153734,1000,4,32638729,ok
DS order-1.5 block Gaussian,20,20,8,0,4.732627445016988,-9329.62127233223,-8389.37804750717,19.727101815046353,1000,4,32639446,ok
DS order-1.5 block Gaussian,20,20,8,34,100.83762510999804,-3980.0962206332306,-3930.620241122506,0.23866908419901528,1000,4,32639480,ok
DS order-1.5 block Gaussian,20,20,8,70,202.23876609205035,-4104.898644726478,-4021.8754941128273,2.9288129461901304,1000,4,32639516,ok
DS order-1.5 block Gaussian,20,20,8,105,301.60318270203425,-3898.7054817189837,-3859.1025362158225,0.5247471241816911,1000,4,32639551,ok
DS order-1.5 block Gaussian,20,20,8,140,400.9465292080422,-3898.1463796570906,-3878.5572974886877,0.47554327609097097,1000,4,32639586,ok
DS order-1.5 block Gaussian,20,20,8,175,500.6678349270369,-4172.902710238321,-4052.115292739294,6.0145170545828925,1000,4,32639621,ok
DS order-1.5 block Gaussian,20,20,8,210,600.9119699860457,-4520.461207860729,-4230.236741042467,1.5411750450590125,1000,4,32639656,ok
DS order-1.5 block Gaussian,20,20,8,246,702.2017762820469,-4542.787940845184,-4280.6064311824175,1.4736994135477277,1000,4,32639692,ok
DS order-1.5 block Gaussian,20,20,8,281,802.6861159230466,-4097.660091423991,-4041.4290921472043,0.707938943109949,1000,4,32639727,ok
DS order-1.5 block Gaussian,20,20,9,0,5.050414815021213,-9351.689565014018,-6265.704277644244,16.18794367478722,1000,4,32640443,ok
DS order-1.5 block Gaussian,20,20,9,34,101.79265106801176,-4185.9967691197,-4101.724927296233,1.48956742128725,1000,4,32640477,ok
DS order-1.5 block Gaussian,20,20,9,69,200.90696340601426,-4116.853701698126,-4033.8941163231257,4.639113318054548,1000,4,32640512,ok
DS order-1.5 block Gaussian,20,20,9,104,301.65224822901655,-4131.139842279031,-4076.373224339295,0.8934701087286901,1000,4,32640547,ok
DS order-1.5 block Gaussian,20,20,9,139,401.8425487059867,-4083.6390646092136,-4042.667383196078,2.827737376924472,1000,4,32640582,ok
DS order-1.5 block Gaussian,20,20,9,173,500.02616757398937,-4085.1174476829283,-4041.1414268862018,1.1960909941242701,1000,4,32640616,ok
DS order-1.5 block Gaussian,20,20,9,208,600.4247467810055,-4092.500289756289,-4026.77220324602,2.2037614833637886,1000,4,32640651,ok
DS order-1.5 block Gaussian,20,20,9,243,700.2762255719863,-4058.0640382837028,-3991.111758765181,9.27510834480745,1000,4,32640686,ok
DS order-1.5 block Gaussian,20,20,9,278,801.539674945001,-4034.342033654654,-3988.9412432362387,0.8453138429269862,1000,4,32640721,ok
